Ship Mode,ShipDays
Same Day,0.8917910447761194
First Class,26.311755952380953
Second Class,36.20864661654135
Standard Class,52.82739252538345
