Sub-Category,Sales
Chairs,269269.792
Phones,264414.37200000003
Binders,177701.351
Machines,174562.407
Storage,170370.894
Tables,166092.478
Accessories,136640.768
Copiers,131548.448
Appliances,90375.773
Bookcases,88330.7872
Furnishings,73575.28199999999
Paper,63562.312
Supplies,44769.512
Art,22459.548
Envelopes,12669.307999999999
Labels,9076.662
Fasteners,2420.346
